DateKey,TimeKey,DateTime,Date,Year,Quarter,MonthNo,Month,Day,Weekday,Weekend,Hour,TimeBucket
2026010100,1,2026-01-01 00:00:00,2026-01-01,2026,1,1,January,1,Thursday,Weekday,0,Night
2026010101,2,2026-01-01 01:00:00,2026-01-01,2026,1,1,January,1,Thursday,Weekday,1,Night
2026010102,3,2026-01-01 02:00:00,2026-01-01,2026,1,1,January,1,Thursday,Weekday,2,Night
2026010103,4,2026-01-01 03:00:00,2026-01-01,2026,1,1,January,1,Thursday,Weekday,3,Night
2026010104,5,2026-01-01 04:00:00,2026-01-01,2026,1,1,January,1,Thursday,Weekday,4,Night
2026010105,6,2026-01-01 05:00:00,2026-01-01,2026,1,1,January,1,Thursday,Weekday,5,Night
2026010106,7,2026-01-01 06:00:00,2026-01-01,2026,1,1,January,1,Thursday,Weekday,6,Morning
2026010107,8,2026-01-01 07:00:00,2026-01-01,2026,1,1,January,1,Thursday,Weekday,7,Morning
2026010108,9,2026-01-01 08:00:00,2026-01-01,2026,1,1,January,1,Thursday,Weekday,8,Morning
2026010109,10,2026-01-01 09:00:00,2026-01-01,2026,1,1,January,1,Thursday,Weekday,9,Morning
2026010110,11,2026-01-01 10:00:00,2026-01-01,2026,1,1,January,1,Thursday,Weekday,10,Morning
2026010111,12,2026-01-01 11:00:00,2026-01-01,2026,1,1,January,1,Thursday,Weekday,11,Morning
2026010112,13,2026-01-01 12:00:00,2026-01-01,2026,1,1,January,1,Thursday,Weekday,12,Afternoon
2026010113,14,2026-01-01 13:00:00,2026-01-01,2026,1,1,January,1,Thursday,Weekday,13,Afternoon
2026010114,15,2026-01-01 14:00:00,2026-01-01,2026,1,1,January,1,Thursday,Weekday,14,Afternoon
2026010115,16,2026-01-01 15:00:00,2026-01-01,2026,1,1,January,1,Thursday,Weekday,15,Afternoon
2026010116,17,2026-01-01 16:00:00,2026-01-01,2026,1,1,January,1,Thursday,Weekday,16,Afternoon
2026010117,18,2026-01-01 17:00:00,2026-01-01,2026,1,1,January,1,Thursday,Weekday,17,Afternoon
2026010118,19,2026-01-01 18:00:00,2026-01-01,2026,1,1,January,1,Thursday,Weekday,18,Evening
2026010119,20,2026-01-01 19:00:00,2026-01-01,2026,1,1,January,1,Thursday,Weekday,19,Evening
2026010120,21,2026-01-01 20:00:00,2026-01-01,2026,1,1,January,1,Thursday,Weekday,20,Evening
2026010121,22,2026-01-01 21:00:00,2026-01-01,2026,1,1,January,1,Thursday,Weekday,21,Evening
2026010122,23,2026-01-01 22:00:00,2026-01-01,2026,1,1,January,1,Thursday,Weekday,22,Evening
2026010123,24,2026-01-01 23:00:00,2026-01-01,2026,1,1,January,1,Thursday,Weekday,23,Evening
2026010200,25,2026-01-02 00:00:00,2026-01-02,2026,1,1,January,2,Friday,Weekday,0,Night
2026010201,26,2026-01-02 01:00:00,2026-01-02,2026,1,1,January,2,Friday,Weekday,1,Night
2026010202,27,2026-01-02 02:00:00,2026-01-02,2026,1,1,January,2,Friday,Weekday,2,Night
2026010203,28,2026-01-02 03:00:00,2026-01-02,2026,1,1,January,2,Friday,Weekday,3,Night
2026010204,29,2026-01-02 04:00:00,2026-01-02,2026,1,1,January,2,Friday,Weekday,4,Night
2026010205,30,2026-01-02 05:00:00,2026-01-02,2026,1,1,January,2,Friday,Weekday,5,Night
2026010206,31,2026-01-02 06:00:00,2026-01-02,2026,1,1,January,2,Friday,Weekday,6,Morning
2026010207,32,2026-01-02 07:00:00,2026-01-02,2026,1,1,January,2,Friday,Weekday,7,Morning
2026010208,33,2026-01-02 08:00:00,2026-01-02,2026,1,1,January,2,Friday,Weekday,8,Morning
2026010209,34,2026-01-02 09:00:00,2026-01-02,2026,1,1,January,2,Friday,Weekday,9,Morning
2026010210,35,2026-01-02 10:00:00,2026-01-02,2026,1,1,January,2,Friday,Weekday,10,Morning
2026010211,36,2026-01-02 11:00:00,2026-01-02,2026,1,1,January,2,Friday,Weekday,11,Morning
2026010212,37,2026-01-02 12:00:00,2026-01-02,2026,1,1,January,2,Friday,Weekday,12,Afternoon
2026010213,38,2026-01-02 13:00:00,2026-01-02,2026,1,1,January,2,Friday,Weekday,13,Afternoon
2026010214,39,2026-01-02 14:00:00,2026-01-02,2026,1,1,January,2,Friday,Weekday,14,Afternoon
2026010215,40,2026-01-02 15:00:00,2026-01-02,2026,1,1,January,2,Friday,Weekday,15,Afternoon
2026010216,41,2026-01-02 16:00:00,2026-01-02,2026,1,1,January,2,Friday,Weekday,16,Afternoon
2026010217,42,2026-01-02 17:00:00,2026-01-02,2026,1,1,January,2,Friday,Weekday,17,Afternoon
2026010218,43,2026-01-02 18:00:00,2026-01-02,2026,1,1,January,2,Friday,Weekday,18,Evening
2026010219,44,2026-01-02 19:00:00,2026-01-02,2026,1,1,January,2,Friday,Weekday,19,Evening
2026010220,45,2026-01-02 20:00:00,2026-01-02,2026,1,1,January,2,Friday,Weekday,20,Evening
2026010221,46,2026-01-02 21:00:00,2026-01-02,2026,1,1,January,2,Friday,Weekday,21,Evening
2026010222,47,2026-01-02 22:00:00,2026-01-02,2026,1,1,January,2,Friday,Weekday,22,Evening
2026010223,48,2026-01-02 23:00:00,2026-01-02,2026,1,1,January,2,Friday,Weekday,23,Evening
2026010300,49,2026-01-03 00:00:00,2026-01-03,2026,1,1,January,3,Saturday,Weekend,0,Night
2026010301,50,2026-01-03 01:00:00,2026-01-03,2026,1,1,January,3,Saturday,Weekend,1,Night
2026010302,51,2026-01-03 02:00:00,2026-01-03,2026,1,1,January,3,Saturday,Weekend,2,Night
2026010303,52,2026-01-03 03:00:00,2026-01-03,2026,1,1,January,3,Saturday,Weekend,3,Night
2026010304,53,2026-01-03 04:00:00,2026-01-03,2026,1,1,January,3,Saturday,Weekend,4,Night
2026010305,54,2026-01-03 05:00:00,2026-01-03,2026,1,1,January,3,Saturday,Weekend,5,Night
2026010306,55,2026-01-03 06:00:00,2026-01-03,2026,1,1,January,3,Saturday,Weekend,6,Morning
2026010307,56,2026-01-03 07:00:00,2026-01-03,2026,1,1,January,3,Saturday,Weekend,7,Morning
2026010308,57,2026-01-03 08:00:00,2026-01-03,2026,1,1,January,3,Saturday,Weekend,8,Morning
2026010309,58,2026-01-03 09:00:00,2026-01-03,2026,1,1,January,3,Saturday,Weekend,9,Morning
2026010310,59,2026-01-03 10:00:00,2026-01-03,2026,1,1,January,3,Saturday,Weekend,10,Morning
2026010311,60,2026-01-03 11:00:00,2026-01-03,2026,1,1,January,3,Saturday,Weekend,11,Morning
2026010312,61,2026-01-03 12:00:00,2026-01-03,2026,1,1,January,3,Saturday,Weekend,12,Afternoon
2026010313,62,2026-01-03 13:00:00,2026-01-03,2026,1,1,January,3,Saturday,Weekend,13,Afternoon
2026010314,63,2026-01-03 14:00:00,2026-01-03,2026,1,1,January,3,Saturday,Weekend,14,Afternoon
2026010315,64,2026-01-03 15:00:00,2026-01-03,2026,1,1,January,3,Saturday,Weekend,15,Afternoon
2026010316,65,2026-01-03 16:00:00,2026-01-03,2026,1,1,January,3,Saturday,Weekend,16,Afternoon
2026010317,66,2026-01-03 17:00:00,2026-01-03,2026,1,1,January,3,Saturday,Weekend,17,Afternoon
2026010318,67,2026-01-03 18:00:00,2026-01-03,2026,1,1,January,3,Saturday,Weekend,18,Evening
2026010319,68,2026-01-03 19:00:00,2026-01-03,2026,1,1,January,3,Saturday,Weekend,19,Evening
2026010320,69,2026-01-03 20:00:00,2026-01-03,2026,1,1,January,3,Saturday,Weekend,20,Evening
2026010321,70,2026-01-03 21:00:00,2026-01-03,2026,1,1,January,3,Saturday,Weekend,21,Evening
2026010322,71,2026-01-03 22:00:00,2026-01-03,2026,1,1,January,3,Saturday,Weekend,22,Evening
2026010323,72,2026-01-03 23:00:00,2026-01-03,2026,1,1,January,3,Saturday,Weekend,23,Evening
2026010400,73,2026-01-04 00:00:00,2026-01-04,2026,1,1,January,4,Sunday,Weekend,0,Night
2026010401,74,2026-01-04 01:00:00,2026-01-04,2026,1,1,January,4,Sunday,Weekend,1,Night
2026010402,75,2026-01-04 02:00:00,2026-01-04,2026,1,1,January,4,Sunday,Weekend,2,Night
2026010403,76,2026-01-04 03:00:00,2026-01-04,2026,1,1,January,4,Sunday,Weekend,3,Night
2026010404,77,2026-01-04 04:00:00,2026-01-04,2026,1,1,January,4,Sunday,Weekend,4,Night
2026010405,78,2026-01-04 05:00:00,2026-01-04,2026,1,1,January,4,Sunday,Weekend,5,Night
2026010406,79,2026-01-04 06:00:00,2026-01-04,2026,1,1,January,4,Sunday,Weekend,6,Morning
2026010407,80,2026-01-04 07:00:00,2026-01-04,2026,1,1,January,4,Sunday,Weekend,7,Morning
2026010408,81,2026-01-04 08:00:00,2026-01-04,2026,1,1,January,4,Sunday,Weekend,8,Morning
2026010409,82,2026-01-04 09:00:00,2026-01-04,2026,1,1,January,4,Sunday,Weekend,9,Morning
2026010410,83,2026-01-04 10:00:00,2026-01-04,2026,1,1,January,4,Sunday,Weekend,10,Morning
2026010411,84,2026-01-04 11:00:00,2026-01-04,2026,1,1,January,4,Sunday,Weekend,11,Morning
2026010412,85,2026-01-04 12:00:00,2026-01-04,2026,1,1,January,4,Sunday,Weekend,12,Afternoon
2026010413,86,2026-01-04 13:00:00,2026-01-04,2026,1,1,January,4,Sunday,Weekend,13,Afternoon
2026010414,87,2026-01-04 14:00:00,2026-01-04,2026,1,1,January,4,Sunday,Weekend,14,Afternoon
2026010415,88,2026-01-04 15:00:00,2026-01-04,2026,1,1,January,4,Sunday,Weekend,15,Afternoon
2026010416,89,2026-01-04 16:00:00,2026-01-04,2026,1,1,January,4,Sunday,Weekend,16,Afternoon
2026010417,90,2026-01-04 17:00:00,2026-01-04,2026,1,1,January,4,Sunday,Weekend,17,Afternoon
2026010418,91,2026-01-04 18:00:00,2026-01-04,2026,1,1,January,4,Sunday,Weekend,18,Evening
2026010419,92,2026-01-04 19:00:00,2026-01-04,2026,1,1,January,4,Sunday,Weekend,19,Evening
2026010420,93,2026-01-04 20:00:00,2026-01-04,2026,1,1,January,4,Sunday,Weekend,20,Evening
2026010421,94,2026-01-04 21:00:00,2026-01-04,2026,1,1,January,4,Sunday,Weekend,21,Evening
2026010422,95,2026-01-04 22:00:00,2026-01-04,2026,1,1,January,4,Sunday,Weekend,22,Evening
2026010423,96,2026-01-04 23:00:00,2026-01-04,2026,1,1,January,4,Sunday,Weekend,23,Evening
2026010500,97,2026-01-05 00:00:00,2026-01-05,2026,1,1,January,5,Monday,Weekday,0,Night
2026010501,98,2026-01-05 01:00:00,2026-01-05,2026,1,1,January,5,Monday,Weekday,1,Night
2026010502,99,2026-01-05 02:00:00,2026-01-05,2026,1,1,January,5,Monday,Weekday,2,Night
2026010503,100,2026-01-05 03:00:00,2026-01-05,2026,1,1,January,5,Monday,Weekday,3,Night
2026010504,101,2026-01-05 04:00:00,2026-01-05,2026,1,1,January,5,Monday,Weekday,4,Night
2026010505,102,2026-01-05 05:00:00,2026-01-05,2026,1,1,January,5,Monday,Weekday,5,Night
2026010506,103,2026-01-05 06:00:00,2026-01-05,2026,1,1,January,5,Monday,Weekday,6,Morning
2026010507,104,2026-01-05 07:00:00,2026-01-05,2026,1,1,January,5,Monday,Weekday,7,Morning
2026010508,105,2026-01-05 08:00:00,2026-01-05,2026,1,1,January,5,Monday,Weekday,8,Morning
2026010509,106,2026-01-05 09:00:00,2026-01-05,2026,1,1,January,5,Monday,Weekday,9,Morning
2026010510,107,2026-01-05 10:00:00,2026-01-05,2026,1,1,January,5,Monday,Weekday,10,Morning
2026010511,108,2026-01-05 11:00:00,2026-01-05,2026,1,1,January,5,Monday,Weekday,11,Morning
2026010512,109,2026-01-05 12:00:00,2026-01-05,2026,1,1,January,5,Monday,Weekday,12,Afternoon
2026010513,110,2026-01-05 13:00:00,2026-01-05,2026,1,1,January,5,Monday,Weekday,13,Afternoon
2026010514,111,2026-01-05 14:00:00,2026-01-05,2026,1,1,January,5,Monday,Weekday,14,Afternoon
2026010515,112,2026-01-05 15:00:00,2026-01-05,2026,1,1,January,5,Monday,Weekday,15,Afternoon
2026010516,113,2026-01-05 16:00:00,2026-01-05,2026,1,1,January,5,Monday,Weekday,16,Afternoon
2026010517,114,2026-01-05 17:00:00,2026-01-05,2026,1,1,January,5,Monday,Weekday,17,Afternoon
2026010518,115,2026-01-05 18:00:00,2026-01-05,2026,1,1,January,5,Monday,Weekday,18,Evening
2026010519,116,2026-01-05 19:00:00,2026-01-05,2026,1,1,January,5,Monday,Weekday,19,Evening
2026010520,117,2026-01-05 20:00:00,2026-01-05,2026,1,1,January,5,Monday,Weekday,20,Evening
2026010521,118,2026-01-05 21:00:00,2026-01-05,2026,1,1,January,5,Monday,Weekday,21,Evening
2026010522,119,2026-01-05 22:00:00,2026-01-05,2026,1,1,January,5,Monday,Weekday,22,Evening
2026010523,120,2026-01-05 23:00:00,2026-01-05,2026,1,1,January,5,Monday,Weekday,23,Evening
2026010600,121,2026-01-06 00:00:00,2026-01-06,2026,1,1,January,6,Tuesday,Weekday,0,Night
2026010601,122,2026-01-06 01:00:00,2026-01-06,2026,1,1,January,6,Tuesday,Weekday,1,Night
2026010602,123,2026-01-06 02:00:00,2026-01-06,2026,1,1,January,6,Tuesday,Weekday,2,Night
2026010603,124,2026-01-06 03:00:00,2026-01-06,2026,1,1,January,6,Tuesday,Weekday,3,Night
2026010604,125,2026-01-06 04:00:00,2026-01-06,2026,1,1,January,6,Tuesday,Weekday,4,Night
2026010605,126,2026-01-06 05:00:00,2026-01-06,2026,1,1,January,6,Tuesday,Weekday,5,Night
2026010606,127,2026-01-06 06:00:00,2026-01-06,2026,1,1,January,6,Tuesday,Weekday,6,Morning
2026010607,128,2026-01-06 07:00:00,2026-01-06,2026,1,1,January,6,Tuesday,Weekday,7,Morning
2026010608,129,2026-01-06 08:00:00,2026-01-06,2026,1,1,January,6,Tuesday,Weekday,8,Morning
2026010609,130,2026-01-06 09:00:00,2026-01-06,2026,1,1,January,6,Tuesday,Weekday,9,Morning
2026010610,131,2026-01-06 10:00:00,2026-01-06,2026,1,1,January,6,Tuesday,Weekday,10,Morning
2026010611,132,2026-01-06 11:00:00,2026-01-06,2026,1,1,January,6,Tuesday,Weekday,11,Morning
2026010612,133,2026-01-06 12:00:00,2026-01-06,2026,1,1,January,6,Tuesday,Weekday,12,Afternoon
2026010613,134,2026-01-06 13:00:00,2026-01-06,2026,1,1,January,6,Tuesday,Weekday,13,Afternoon
2026010614,135,2026-01-06 14:00:00,2026-01-06,2026,1,1,January,6,Tuesday,Weekday,14,Afternoon
2026010615,136,2026-01-06 15:00:00,2026-01-06,2026,1,1,January,6,Tuesday,Weekday,15,Afternoon
2026010616,137,2026-01-06 16:00:00,2026-01-06,2026,1,1,January,6,Tuesday,Weekday,16,Afternoon
2026010617,138,2026-01-06 17:00:00,2026-01-06,2026,1,1,January,6,Tuesday,Weekday,17,Afternoon
2026010618,139,2026-01-06 18:00:00,2026-01-06,2026,1,1,January,6,Tuesday,Weekday,18,Evening
2026010619,140,2026-01-06 19:00:00,2026-01-06,2026,1,1,January,6,Tuesday,Weekday,19,Evening
2026010620,141,2026-01-06 20:00:00,2026-01-06,2026,1,1,January,6,Tuesday,Weekday,20,Evening
2026010621,142,2026-01-06 21:00:00,2026-01-06,2026,1,1,January,6,Tuesday,Weekday,21,Evening
2026010622,143,2026-01-06 22:00:00,2026-01-06,2026,1,1,January,6,Tuesday,Weekday,22,Evening
2026010623,144,2026-01-06 23:00:00,2026-01-06,2026,1,1,January,6,Tuesday,Weekday,23,Evening
2026010700,145,2026-01-07 00:00:00,2026-01-07,2026,1,1,January,7,Wednesday,Weekday,0,Night
2026010701,146,2026-01-07 01:00:00,2026-01-07,2026,1,1,January,7,Wednesday,Weekday,1,Night
2026010702,147,2026-01-07 02:00:00,2026-01-07,2026,1,1,January,7,Wednesday,Weekday,2,Night
2026010703,148,2026-01-07 03:00:00,2026-01-07,2026,1,1,January,7,Wednesday,Weekday,3,Night
2026010704,149,2026-01-07 04:00:00,2026-01-07,2026,1,1,January,7,Wednesday,Weekday,4,Night
2026010705,150,2026-01-07 05:00:00,2026-01-07,2026,1,1,January,7,Wednesday,Weekday,5,Night
2026010706,151,2026-01-07 06:00:00,2026-01-07,2026,1,1,January,7,Wednesday,Weekday,6,Morning
2026010707,152,2026-01-07 07:00:00,2026-01-07,2026,1,1,January,7,Wednesday,Weekday,7,Morning
2026010708,153,2026-01-07 08:00:00,2026-01-07,2026,1,1,January,7,Wednesday,Weekday,8,Morning
2026010709,154,2026-01-07 09:00:00,2026-01-07,2026,1,1,January,7,Wednesday,Weekday,9,Morning
2026010710,155,2026-01-07 10:00:00,2026-01-07,2026,1,1,January,7,Wednesday,Weekday,10,Morning
2026010711,156,2026-01-07 11:00:00,2026-01-07,2026,1,1,January,7,Wednesday,Weekday,11,Morning
2026010712,157,2026-01-07 12:00:00,2026-01-07,2026,1,1,January,7,Wednesday,Weekday,12,Afternoon
2026010713,158,2026-01-07 13:00:00,2026-01-07,2026,1,1,January,7,Wednesday,Weekday,13,Afternoon
2026010714,159,2026-01-07 14:00:00,2026-01-07,2026,1,1,January,7,Wednesday,Weekday,14,Afternoon
2026010715,160,2026-01-07 15:00:00,2026-01-07,2026,1,1,January,7,Wednesday,Weekday,15,Afternoon
2026010716,161,2026-01-07 16:00:00,2026-01-07,2026,1,1,January,7,Wednesday,Weekday,16,Afternoon
2026010717,162,2026-01-07 17:00:00,2026-01-07,2026,1,1,January,7,Wednesday,Weekday,17,Afternoon
2026010718,163,2026-01-07 18:00:00,2026-01-07,2026,1,1,January,7,Wednesday,Weekday,18,Evening
2026010719,164,2026-01-07 19:00:00,2026-01-07,2026,1,1,January,7,Wednesday,Weekday,19,Evening
2026010720,165,2026-01-07 20:00:00,2026-01-07,2026,1,1,January,7,Wednesday,Weekday,20,Evening
2026010721,166,2026-01-07 21:00:00,2026-01-07,2026,1,1,January,7,Wednesday,Weekday,21,Evening
2026010722,167,2026-01-07 22:00:00,2026-01-07,2026,1,1,January,7,Wednesday,Weekday,22,Evening
2026010723,168,2026-01-07 23:00:00,2026-01-07,2026,1,1,January,7,Wednesday,Weekday,23,Evening
2026010800,169,2026-01-08 00:00:00,2026-01-08,2026,1,1,January,8,Thursday,Weekday,0,Night
2026010801,170,2026-01-08 01:00:00,2026-01-08,2026,1,1,January,8,Thursday,Weekday,1,Night
2026010802,171,2026-01-08 02:00:00,2026-01-08,2026,1,1,January,8,Thursday,Weekday,2,Night
2026010803,172,2026-01-08 03:00:00,2026-01-08,2026,1,1,January,8,Thursday,Weekday,3,Night
2026010804,173,2026-01-08 04:00:00,2026-01-08,2026,1,1,January,8,Thursday,Weekday,4,Night
2026010805,174,2026-01-08 05:00:00,2026-01-08,2026,1,1,January,8,Thursday,Weekday,5,Night
2026010806,175,2026-01-08 06:00:00,2026-01-08,2026,1,1,January,8,Thursday,Weekday,6,Morning
2026010807,176,2026-01-08 07:00:00,2026-01-08,2026,1,1,January,8,Thursday,Weekday,7,Morning
2026010808,177,2026-01-08 08:00:00,2026-01-08,2026,1,1,January,8,Thursday,Weekday,8,Morning
2026010809,178,2026-01-08 09:00:00,2026-01-08,2026,1,1,January,8,Thursday,Weekday,9,Morning
2026010810,179,2026-01-08 10:00:00,2026-01-08,2026,1,1,January,8,Thursday,Weekday,10,Morning
2026010811,180,2026-01-08 11:00:00,2026-01-08,2026,1,1,January,8,Thursday,Weekday,11,Morning
2026010812,181,2026-01-08 12:00:00,2026-01-08,2026,1,1,January,8,Thursday,Weekday,12,Afternoon
2026010813,182,2026-01-08 13:00:00,2026-01-08,2026,1,1,January,8,Thursday,Weekday,13,Afternoon
2026010814,183,2026-01-08 14:00:00,2026-01-08,2026,1,1,January,8,Thursday,Weekday,14,Afternoon
2026010815,184,2026-01-08 15:00:00,2026-01-08,2026,1,1,January,8,Thursday,Weekday,15,Afternoon
2026010816,185,2026-01-08 16:00:00,2026-01-08,2026,1,1,January,8,Thursday,Weekday,16,Afternoon
2026010817,186,2026-01-08 17:00:00,2026-01-08,2026,1,1,January,8,Thursday,Weekday,17,Afternoon
2026010818,187,2026-01-08 18:00:00,2026-01-08,2026,1,1,January,8,Thursday,Weekday,18,Evening
2026010819,188,2026-01-08 19:00:00,2026-01-08,2026,1,1,January,8,Thursday,Weekday,19,Evening
2026010820,189,2026-01-08 20:00:00,2026-01-08,2026,1,1,January,8,Thursday,Weekday,20,Evening
2026010821,190,2026-01-08 21:00:00,2026-01-08,2026,1,1,January,8,Thursday,Weekday,21,Evening
2026010822,191,2026-01-08 22:00:00,2026-01-08,2026,1,1,January,8,Thursday,Weekday,22,Evening
2026010823,192,2026-01-08 23:00:00,2026-01-08,2026,1,1,January,8,Thursday,Weekday,23,Evening
2026010900,193,2026-01-09 00:00:00,2026-01-09,2026,1,1,January,9,Friday,Weekday,0,Night
2026010901,194,2026-01-09 01:00:00,2026-01-09,2026,1,1,January,9,Friday,Weekday,1,Night
2026010902,195,2026-01-09 02:00:00,2026-01-09,2026,1,1,January,9,Friday,Weekday,2,Night
2026010903,196,2026-01-09 03:00:00,2026-01-09,2026,1,1,January,9,Friday,Weekday,3,Night
2026010904,197,2026-01-09 04:00:00,2026-01-09,2026,1,1,January,9,Friday,Weekday,4,Night
2026010905,198,2026-01-09 05:00:00,2026-01-09,2026,1,1,January,9,Friday,Weekday,5,Night
2026010906,199,2026-01-09 06:00:00,2026-01-09,2026,1,1,January,9,Friday,Weekday,6,Morning
2026010907,200,2026-01-09 07:00:00,2026-01-09,2026,1,1,January,9,Friday,Weekday,7,Morning
2026010908,201,2026-01-09 08:00:00,2026-01-09,2026,1,1,January,9,Friday,Weekday,8,Morning
2026010909,202,2026-01-09 09:00:00,2026-01-09,2026,1,1,January,9,Friday,Weekday,9,Morning
2026010910,203,2026-01-09 10:00:00,2026-01-09,2026,1,1,January,9,Friday,Weekday,10,Morning
2026010911,204,2026-01-09 11:00:00,2026-01-09,2026,1,1,January,9,Friday,Weekday,11,Morning
2026010912,205,2026-01-09 12:00:00,2026-01-09,2026,1,1,January,9,Friday,Weekday,12,Afternoon
2026010913,206,2026-01-09 13:00:00,2026-01-09,2026,1,1,January,9,Friday,Weekday,13,Afternoon
2026010914,207,2026-01-09 14:00:00,2026-01-09,2026,1,1,January,9,Friday,Weekday,14,Afternoon
2026010915,208,2026-01-09 15:00:00,2026-01-09,2026,1,1,January,9,Friday,Weekday,15,Afternoon
2026010916,209,2026-01-09 16:00:00,2026-01-09,2026,1,1,January,9,Friday,Weekday,16,Afternoon
2026010917,210,2026-01-09 17:00:00,2026-01-09,2026,1,1,January,9,Friday,Weekday,17,Afternoon
2026010918,211,2026-01-09 18:00:00,2026-01-09,2026,1,1,January,9,Friday,Weekday,18,Evening
2026010919,212,2026-01-09 19:00:00,2026-01-09,2026,1,1,January,9,Friday,Weekday,19,Evening
2026010920,213,2026-01-09 20:00:00,2026-01-09,2026,1,1,January,9,Friday,Weekday,20,Evening
2026010921,214,2026-01-09 21:00:00,2026-01-09,2026,1,1,January,9,Friday,Weekday,21,Evening
2026010922,215,2026-01-09 22:00:00,2026-01-09,2026,1,1,January,9,Friday,Weekday,22,Evening
2026010923,216,2026-01-09 23:00:00,2026-01-09,2026,1,1,January,9,Friday,Weekday,23,Evening
2026011000,217,2026-01-10 00:00:00,2026-01-10,2026,1,1,January,10,Saturday,Weekend,0,Night
2026011001,218,2026-01-10 01:00:00,2026-01-10,2026,1,1,January,10,Saturday,Weekend,1,Night
2026011002,219,2026-01-10 02:00:00,2026-01-10,2026,1,1,January,10,Saturday,Weekend,2,Night
2026011003,220,2026-01-10 03:00:00,2026-01-10,2026,1,1,January,10,Saturday,Weekend,3,Night
2026011004,221,2026-01-10 04:00:00,2026-01-10,2026,1,1,January,10,Saturday,Weekend,4,Night
2026011005,222,2026-01-10 05:00:00,2026-01-10,2026,1,1,January,10,Saturday,Weekend,5,Night
2026011006,223,2026-01-10 06:00:00,2026-01-10,2026,1,1,January,10,Saturday,Weekend,6,Morning
2026011007,224,2026-01-10 07:00:00,2026-01-10,2026,1,1,January,10,Saturday,Weekend,7,Morning
2026011008,225,2026-01-10 08:00:00,2026-01-10,2026,1,1,January,10,Saturday,Weekend,8,Morning
2026011009,226,2026-01-10 09:00:00,2026-01-10,2026,1,1,January,10,Saturday,Weekend,9,Morning
2026011010,227,2026-01-10 10:00:00,2026-01-10,2026,1,1,January,10,Saturday,Weekend,10,Morning
2026011011,228,2026-01-10 11:00:00,2026-01-10,2026,1,1,January,10,Saturday,Weekend,11,Morning
2026011012,229,2026-01-10 12:00:00,2026-01-10,2026,1,1,January,10,Saturday,Weekend,12,Afternoon
2026011013,230,2026-01-10 13:00:00,2026-01-10,2026,1,1,January,10,Saturday,Weekend,13,Afternoon
2026011014,231,2026-01-10 14:00:00,2026-01-10,2026,1,1,January,10,Saturday,Weekend,14,Afternoon
2026011015,232,2026-01-10 15:00:00,2026-01-10,2026,1,1,January,10,Saturday,Weekend,15,Afternoon
2026011016,233,2026-01-10 16:00:00,2026-01-10,2026,1,1,January,10,Saturday,Weekend,16,Afternoon
2026011017,234,2026-01-10 17:00:00,2026-01-10,2026,1,1,January,10,Saturday,Weekend,17,Afternoon
2026011018,235,2026-01-10 18:00:00,2026-01-10,2026,1,1,January,10,Saturday,Weekend,18,Evening
2026011019,236,2026-01-10 19:00:00,2026-01-10,2026,1,1,January,10,Saturday,Weekend,19,Evening
2026011020,237,2026-01-10 20:00:00,2026-01-10,2026,1,1,January,10,Saturday,Weekend,20,Evening
2026011021,238,2026-01-10 21:00:00,2026-01-10,2026,1,1,January,10,Saturday,Weekend,21,Evening
2026011022,239,2026-01-10 22:00:00,2026-01-10,2026,1,1,January,10,Saturday,Weekend,22,Evening
2026011023,240,2026-01-10 23:00:00,2026-01-10,2026,1,1,January,10,Saturday,Weekend,23,Evening
2026011100,241,2026-01-11 00:00:00,2026-01-11,2026,1,1,January,11,Sunday,Weekend,0,Night
2026011101,242,2026-01-11 01:00:00,2026-01-11,2026,1,1,January,11,Sunday,Weekend,1,Night
2026011102,243,2026-01-11 02:00:00,2026-01-11,2026,1,1,January,11,Sunday,Weekend,2,Night
2026011103,244,2026-01-11 03:00:00,2026-01-11,2026,1,1,January,11,Sunday,Weekend,3,Night
2026011104,245,2026-01-11 04:00:00,2026-01-11,2026,1,1,January,11,Sunday,Weekend,4,Night
2026011105,246,2026-01-11 05:00:00,2026-01-11,2026,1,1,January,11,Sunday,Weekend,5,Night
2026011106,247,2026-01-11 06:00:00,2026-01-11,2026,1,1,January,11,Sunday,Weekend,6,Morning
2026011107,248,2026-01-11 07:00:00,2026-01-11,2026,1,1,January,11,Sunday,Weekend,7,Morning
2026011108,249,2026-01-11 08:00:00,2026-01-11,2026,1,1,January,11,Sunday,Weekend,8,Morning
2026011109,250,2026-01-11 09:00:00,2026-01-11,2026,1,1,January,11,Sunday,Weekend,9,Morning
2026011110,251,2026-01-11 10:00:00,2026-01-11,2026,1,1,January,11,Sunday,Weekend,10,Morning
2026011111,252,2026-01-11 11:00:00,2026-01-11,2026,1,1,January,11,Sunday,Weekend,11,Morning
2026011112,253,2026-01-11 12:00:00,2026-01-11,2026,1,1,January,11,Sunday,Weekend,12,Afternoon
2026011113,254,2026-01-11 13:00:00,2026-01-11,2026,1,1,January,11,Sunday,Weekend,13,Afternoon
2026011114,255,2026-01-11 14:00:00,2026-01-11,2026,1,1,January,11,Sunday,Weekend,14,Afternoon
2026011115,256,2026-01-11 15:00:00,2026-01-11,2026,1,1,January,11,Sunday,Weekend,15,Afternoon
2026011116,257,2026-01-11 16:00:00,2026-01-11,2026,1,1,January,11,Sunday,Weekend,16,Afternoon
2026011117,258,2026-01-11 17:00:00,2026-01-11,2026,1,1,January,11,Sunday,Weekend,17,Afternoon
2026011118,259,2026-01-11 18:00:00,2026-01-11,2026,1,1,January,11,Sunday,Weekend,18,Evening
2026011119,260,2026-01-11 19:00:00,2026-01-11,2026,1,1,January,11,Sunday,Weekend,19,Evening
2026011120,261,2026-01-11 20:00:00,2026-01-11,2026,1,1,January,11,Sunday,Weekend,20,Evening
2026011121,262,2026-01-11 21:00:00,2026-01-11,2026,1,1,January,11,Sunday,Weekend,21,Evening
2026011122,263,2026-01-11 22:00:00,2026-01-11,2026,1,1,January,11,Sunday,Weekend,22,Evening
2026011123,264,2026-01-11 23:00:00,2026-01-11,2026,1,1,January,11,Sunday,Weekend,23,Evening
2026011200,265,2026-01-12 00:00:00,2026-01-12,2026,1,1,January,12,Monday,Weekday,0,Night
2026011201,266,2026-01-12 01:00:00,2026-01-12,2026,1,1,January,12,Monday,Weekday,1,Night
2026011202,267,2026-01-12 02:00:00,2026-01-12,2026,1,1,January,12,Monday,Weekday,2,Night
2026011203,268,2026-01-12 03:00:00,2026-01-12,2026,1,1,January,12,Monday,Weekday,3,Night
2026011204,269,2026-01-12 04:00:00,2026-01-12,2026,1,1,January,12,Monday,Weekday,4,Night
2026011205,270,2026-01-12 05:00:00,2026-01-12,2026,1,1,January,12,Monday,Weekday,5,Night
2026011206,271,2026-01-12 06:00:00,2026-01-12,2026,1,1,January,12,Monday,Weekday,6,Morning
2026011207,272,2026-01-12 07:00:00,2026-01-12,2026,1,1,January,12,Monday,Weekday,7,Morning
2026011208,273,2026-01-12 08:00:00,2026-01-12,2026,1,1,January,12,Monday,Weekday,8,Morning
2026011209,274,2026-01-12 09:00:00,2026-01-12,2026,1,1,January,12,Monday,Weekday,9,Morning
2026011210,275,2026-01-12 10:00:00,2026-01-12,2026,1,1,January,12,Monday,Weekday,10,Morning
2026011211,276,2026-01-12 11:00:00,2026-01-12,2026,1,1,January,12,Monday,Weekday,11,Morning
2026011212,277,2026-01-12 12:00:00,2026-01-12,2026,1,1,January,12,Monday,Weekday,12,Afternoon
2026011213,278,2026-01-12 13:00:00,2026-01-12,2026,1,1,January,12,Monday,Weekday,13,Afternoon
2026011214,279,2026-01-12 14:00:00,2026-01-12,2026,1,1,January,12,Monday,Weekday,14,Afternoon
2026011215,280,2026-01-12 15:00:00,2026-01-12,2026,1,1,January,12,Monday,Weekday,15,Afternoon
2026011216,281,2026-01-12 16:00:00,2026-01-12,2026,1,1,January,12,Monday,Weekday,16,Afternoon
2026011217,282,2026-01-12 17:00:00,2026-01-12,2026,1,1,January,12,Monday,Weekday,17,Afternoon
2026011218,283,2026-01-12 18:00:00,2026-01-12,2026,1,1,January,12,Monday,Weekday,18,Evening
2026011219,284,2026-01-12 19:00:00,2026-01-12,2026,1,1,January,12,Monday,Weekday,19,Evening
2026011220,285,2026-01-12 20:00:00,2026-01-12,2026,1,1,January,12,Monday,Weekday,20,Evening
2026011221,286,2026-01-12 21:00:00,2026-01-12,2026,1,1,January,12,Monday,Weekday,21,Evening
2026011222,287,2026-01-12 22:00:00,2026-01-12,2026,1,1,January,12,Monday,Weekday,22,Evening
2026011223,288,2026-01-12 23:00:00,2026-01-12,2026,1,1,January,12,Monday,Weekday,23,Evening
2026011300,289,2026-01-13 00:00:00,2026-01-13,2026,1,1,January,13,Tuesday,Weekday,0,Night
2026011301,290,2026-01-13 01:00:00,2026-01-13,2026,1,1,January,13,Tuesday,Weekday,1,Night
2026011302,291,2026-01-13 02:00:00,2026-01-13,2026,1,1,January,13,Tuesday,Weekday,2,Night
2026011303,292,2026-01-13 03:00:00,2026-01-13,2026,1,1,January,13,Tuesday,Weekday,3,Night
2026011304,293,2026-01-13 04:00:00,2026-01-13,2026,1,1,January,13,Tuesday,Weekday,4,Night
2026011305,294,2026-01-13 05:00:00,2026-01-13,2026,1,1,January,13,Tuesday,Weekday,5,Night
2026011306,295,2026-01-13 06:00:00,2026-01-13,2026,1,1,January,13,Tuesday,Weekday,6,Morning
2026011307,296,2026-01-13 07:00:00,2026-01-13,2026,1,1,January,13,Tuesday,Weekday,7,Morning
2026011308,297,2026-01-13 08:00:00,2026-01-13,2026,1,1,January,13,Tuesday,Weekday,8,Morning
2026011309,298,2026-01-13 09:00:00,2026-01-13,2026,1,1,January,13,Tuesday,Weekday,9,Morning
2026011310,299,2026-01-13 10:00:00,2026-01-13,2026,1,1,January,13,Tuesday,Weekday,10,Morning
2026011311,300,2026-01-13 11:00:00,2026-01-13,2026,1,1,January,13,Tuesday,Weekday,11,Morning
2026011312,301,2026-01-13 12:00:00,2026-01-13,2026,1,1,January,13,Tuesday,Weekday,12,Afternoon
2026011313,302,2026-01-13 13:00:00,2026-01-13,2026,1,1,January,13,Tuesday,Weekday,13,Afternoon
2026011314,303,2026-01-13 14:00:00,2026-01-13,2026,1,1,January,13,Tuesday,Weekday,14,Afternoon
2026011315,304,2026-01-13 15:00:00,2026-01-13,2026,1,1,January,13,Tuesday,Weekday,15,Afternoon
2026011316,305,2026-01-13 16:00:00,2026-01-13,2026,1,1,January,13,Tuesday,Weekday,16,Afternoon
2026011317,306,2026-01-13 17:00:00,2026-01-13,2026,1,1,January,13,Tuesday,Weekday,17,Afternoon
2026011318,307,2026-01-13 18:00:00,2026-01-13,2026,1,1,January,13,Tuesday,Weekday,18,Evening
2026011319,308,2026-01-13 19:00:00,2026-01-13,2026,1,1,January,13,Tuesday,Weekday,19,Evening
2026011320,309,2026-01-13 20:00:00,2026-01-13,2026,1,1,January,13,Tuesday,Weekday,20,Evening
2026011321,310,2026-01-13 21:00:00,2026-01-13,2026,1,1,January,13,Tuesday,Weekday,21,Evening
2026011322,311,2026-01-13 22:00:00,2026-01-13,2026,1,1,January,13,Tuesday,Weekday,22,Evening
2026011323,312,2026-01-13 23:00:00,2026-01-13,2026,1,1,January,13,Tuesday,Weekday,23,Evening
2026011400,313,2026-01-14 00:00:00,2026-01-14,2026,1,1,January,14,Wednesday,Weekday,0,Night
2026011401,314,2026-01-14 01:00:00,2026-01-14,2026,1,1,January,14,Wednesday,Weekday,1,Night
2026011402,315,2026-01-14 02:00:00,2026-01-14,2026,1,1,January,14,Wednesday,Weekday,2,Night
2026011403,316,2026-01-14 03:00:00,2026-01-14,2026,1,1,January,14,Wednesday,Weekday,3,Night
2026011404,317,2026-01-14 04:00:00,2026-01-14,2026,1,1,January,14,Wednesday,Weekday,4,Night
2026011405,318,2026-01-14 05:00:00,2026-01-14,2026,1,1,January,14,Wednesday,Weekday,5,Night
2026011406,319,2026-01-14 06:00:00,2026-01-14,2026,1,1,January,14,Wednesday,Weekday,6,Morning
2026011407,320,2026-01-14 07:00:00,2026-01-14,2026,1,1,January,14,Wednesday,Weekday,7,Morning
2026011408,321,2026-01-14 08:00:00,2026-01-14,2026,1,1,January,14,Wednesday,Weekday,8,Morning
2026011409,322,2026-01-14 09:00:00,2026-01-14,2026,1,1,January,14,Wednesday,Weekday,9,Morning
2026011410,323,2026-01-14 10:00:00,2026-01-14,2026,1,1,January,14,Wednesday,Weekday,10,Morning
2026011411,324,2026-01-14 11:00:00,2026-01-14,2026,1,1,January,14,Wednesday,Weekday,11,Morning
2026011412,325,2026-01-14 12:00:00,2026-01-14,2026,1,1,January,14,Wednesday,Weekday,12,Afternoon
2026011413,326,2026-01-14 13:00:00,2026-01-14,2026,1,1,January,14,Wednesday,Weekday,13,Afternoon
2026011414,327,2026-01-14 14:00:00,2026-01-14,2026,1,1,January,14,Wednesday,Weekday,14,Afternoon
2026011415,328,2026-01-14 15:00:00,2026-01-14,2026,1,1,January,14,Wednesday,Weekday,15,Afternoon
2026011416,329,2026-01-14 16:00:00,2026-01-14,2026,1,1,January,14,Wednesday,Weekday,16,Afternoon
2026011417,330,2026-01-14 17:00:00,2026-01-14,2026,1,1,January,14,Wednesday,Weekday,17,Afternoon
2026011418,331,2026-01-14 18:00:00,2026-01-14,2026,1,1,January,14,Wednesday,Weekday,18,Evening
2026011419,332,2026-01-14 19:00:00,2026-01-14,2026,1,1,January,14,Wednesday,Weekday,19,Evening
2026011420,333,2026-01-14 20:00:00,2026-01-14,2026,1,1,January,14,Wednesday,Weekday,20,Evening
2026011421,334,2026-01-14 21:00:00,2026-01-14,2026,1,1,January,14,Wednesday,Weekday,21,Evening
2026011422,335,2026-01-14 22:00:00,2026-01-14,2026,1,1,January,14,Wednesday,Weekday,22,Evening
2026011423,336,2026-01-14 23:00:00,2026-01-14,2026,1,1,January,14,Wednesday,Weekday,23,Evening
2026011500,337,2026-01-15 00:00:00,2026-01-15,2026,1,1,January,15,Thursday,Weekday,0,Night
2026011501,338,2026-01-15 01:00:00,2026-01-15,2026,1,1,January,15,Thursday,Weekday,1,Night
2026011502,339,2026-01-15 02:00:00,2026-01-15,2026,1,1,January,15,Thursday,Weekday,2,Night
2026011503,340,2026-01-15 03:00:00,2026-01-15,2026,1,1,January,15,Thursday,Weekday,3,Night
2026011504,341,2026-01-15 04:00:00,2026-01-15,2026,1,1,January,15,Thursday,Weekday,4,Night
2026011505,342,2026-01-15 05:00:00,2026-01-15,2026,1,1,January,15,Thursday,Weekday,5,Night
2026011506,343,2026-01-15 06:00:00,2026-01-15,2026,1,1,January,15,Thursday,Weekday,6,Morning
2026011507,344,2026-01-15 07:00:00,2026-01-15,2026,1,1,January,15,Thursday,Weekday,7,Morning
2026011508,345,2026-01-15 08:00:00,2026-01-15,2026,1,1,January,15,Thursday,Weekday,8,Morning
2026011509,346,2026-01-15 09:00:00,2026-01-15,2026,1,1,January,15,Thursday,Weekday,9,Morning
2026011510,347,2026-01-15 10:00:00,2026-01-15,2026,1,1,January,15,Thursday,Weekday,10,Morning
2026011511,348,2026-01-15 11:00:00,2026-01-15,2026,1,1,January,15,Thursday,Weekday,11,Morning
2026011512,349,2026-01-15 12:00:00,2026-01-15,2026,1,1,January,15,Thursday,Weekday,12,Afternoon
2026011513,350,2026-01-15 13:00:00,2026-01-15,2026,1,1,January,15,Thursday,Weekday,13,Afternoon
2026011514,351,2026-01-15 14:00:00,2026-01-15,2026,1,1,January,15,Thursday,Weekday,14,Afternoon
2026011515,352,2026-01-15 15:00:00,2026-01-15,2026,1,1,January,15,Thursday,Weekday,15,Afternoon
2026011516,353,2026-01-15 16:00:00,2026-01-15,2026,1,1,January,15,Thursday,Weekday,16,Afternoon
2026011517,354,2026-01-15 17:00:00,2026-01-15,2026,1,1,January,15,Thursday,Weekday,17,Afternoon
2026011518,355,2026-01-15 18:00:00,2026-01-15,2026,1,1,January,15,Thursday,Weekday,18,Evening
2026011519,356,2026-01-15 19:00:00,2026-01-15,2026,1,1,January,15,Thursday,Weekday,19,Evening
2026011520,357,2026-01-15 20:00:00,2026-01-15,2026,1,1,January,15,Thursday,Weekday,20,Evening
2026011521,358,2026-01-15 21:00:00,2026-01-15,2026,1,1,January,15,Thursday,Weekday,21,Evening
2026011522,359,2026-01-15 22:00:00,2026-01-15,2026,1,1,January,15,Thursday,Weekday,22,Evening
2026011523,360,2026-01-15 23:00:00,2026-01-15,2026,1,1,January,15,Thursday,Weekday,23,Evening
2026011600,361,2026-01-16 00:00:00,2026-01-16,2026,1,1,January,16,Friday,Weekday,0,Night
2026011601,362,2026-01-16 01:00:00,2026-01-16,2026,1,1,January,16,Friday,Weekday,1,Night
2026011602,363,2026-01-16 02:00:00,2026-01-16,2026,1,1,January,16,Friday,Weekday,2,Night
2026011603,364,2026-01-16 03:00:00,2026-01-16,2026,1,1,January,16,Friday,Weekday,3,Night
2026011604,365,2026-01-16 04:00:00,2026-01-16,2026,1,1,January,16,Friday,Weekday,4,Night
2026011605,366,2026-01-16 05:00:00,2026-01-16,2026,1,1,January,16,Friday,Weekday,5,Night
2026011606,367,2026-01-16 06:00:00,2026-01-16,2026,1,1,January,16,Friday,Weekday,6,Morning
2026011607,368,2026-01-16 07:00:00,2026-01-16,2026,1,1,January,16,Friday,Weekday,7,Morning
2026011608,369,2026-01-16 08:00:00,2026-01-16,2026,1,1,January,16,Friday,Weekday,8,Morning
2026011609,370,2026-01-16 09:00:00,2026-01-16,2026,1,1,January,16,Friday,Weekday,9,Morning
2026011610,371,2026-01-16 10:00:00,2026-01-16,2026,1,1,January,16,Friday,Weekday,10,Morning
2026011611,372,2026-01-16 11:00:00,2026-01-16,2026,1,1,January,16,Friday,Weekday,11,Morning
2026011612,373,2026-01-16 12:00:00,2026-01-16,2026,1,1,January,16,Friday,Weekday,12,Afternoon
2026011613,374,2026-01-16 13:00:00,2026-01-16,2026,1,1,January,16,Friday,Weekday,13,Afternoon
2026011614,375,2026-01-16 14:00:00,2026-01-16,2026,1,1,January,16,Friday,Weekday,14,Afternoon
2026011615,376,2026-01-16 15:00:00,2026-01-16,2026,1,1,January,16,Friday,Weekday,15,Afternoon
2026011616,377,2026-01-16 16:00:00,2026-01-16,2026,1,1,January,16,Friday,Weekday,16,Afternoon
2026011617,378,2026-01-16 17:00:00,2026-01-16,2026,1,1,January,16,Friday,Weekday,17,Afternoon
2026011618,379,2026-01-16 18:00:00,2026-01-16,2026,1,1,January,16,Friday,Weekday,18,Evening
2026011619,380,2026-01-16 19:00:00,2026-01-16,2026,1,1,January,16,Friday,Weekday,19,Evening
2026011620,381,2026-01-16 20:00:00,2026-01-16,2026,1,1,January,16,Friday,Weekday,20,Evening
2026011621,382,2026-01-16 21:00:00,2026-01-16,2026,1,1,January,16,Friday,Weekday,21,Evening
2026011622,383,2026-01-16 22:00:00,2026-01-16,2026,1,1,January,16,Friday,Weekday,22,Evening
2026011623,384,2026-01-16 23:00:00,2026-01-16,2026,1,1,January,16,Friday,Weekday,23,Evening
2026011700,385,2026-01-17 00:00:00,2026-01-17,2026,1,1,January,17,Saturday,Weekend,0,Night
2026011701,386,2026-01-17 01:00:00,2026-01-17,2026,1,1,January,17,Saturday,Weekend,1,Night
2026011702,387,2026-01-17 02:00:00,2026-01-17,2026,1,1,January,17,Saturday,Weekend,2,Night
2026011703,388,2026-01-17 03:00:00,2026-01-17,2026,1,1,January,17,Saturday,Weekend,3,Night
2026011704,389,2026-01-17 04:00:00,2026-01-17,2026,1,1,January,17,Saturday,Weekend,4,Night
2026011705,390,2026-01-17 05:00:00,2026-01-17,2026,1,1,January,17,Saturday,Weekend,5,Night
2026011706,391,2026-01-17 06:00:00,2026-01-17,2026,1,1,January,17,Saturday,Weekend,6,Morning
2026011707,392,2026-01-17 07:00:00,2026-01-17,2026,1,1,January,17,Saturday,Weekend,7,Morning
2026011708,393,2026-01-17 08:00:00,2026-01-17,2026,1,1,January,17,Saturday,Weekend,8,Morning
2026011709,394,2026-01-17 09:00:00,2026-01-17,2026,1,1,January,17,Saturday,Weekend,9,Morning
2026011710,395,2026-01-17 10:00:00,2026-01-17,2026,1,1,January,17,Saturday,Weekend,10,Morning
2026011711,396,2026-01-17 11:00:00,2026-01-17,2026,1,1,January,17,Saturday,Weekend,11,Morning
2026011712,397,2026-01-17 12:00:00,2026-01-17,2026,1,1,January,17,Saturday,Weekend,12,Afternoon
2026011713,398,2026-01-17 13:00:00,2026-01-17,2026,1,1,January,17,Saturday,Weekend,13,Afternoon
2026011714,399,2026-01-17 14:00:00,2026-01-17,2026,1,1,January,17,Saturday,Weekend,14,Afternoon
2026011715,400,2026-01-17 15:00:00,2026-01-17,2026,1,1,January,17,Saturday,Weekend,15,Afternoon
2026011716,401,2026-01-17 16:00:00,2026-01-17,2026,1,1,January,17,Saturday,Weekend,16,Afternoon
2026011717,402,2026-01-17 17:00:00,2026-01-17,2026,1,1,January,17,Saturday,Weekend,17,Afternoon
2026011718,403,2026-01-17 18:00:00,2026-01-17,2026,1,1,January,17,Saturday,Weekend,18,Evening
2026011719,404,2026-01-17 19:00:00,2026-01-17,2026,1,1,January,17,Saturday,Weekend,19,Evening
2026011720,405,2026-01-17 20:00:00,2026-01-17,2026,1,1,January,17,Saturday,Weekend,20,Evening
2026011721,406,2026-01-17 21:00:00,2026-01-17,2026,1,1,January,17,Saturday,Weekend,21,Evening
2026011722,407,2026-01-17 22:00:00,2026-01-17,2026,1,1,January,17,Saturday,Weekend,22,Evening
2026011723,408,2026-01-17 23:00:00,2026-01-17,2026,1,1,January,17,Saturday,Weekend,23,Evening
2026011800,409,2026-01-18 00:00:00,2026-01-18,2026,1,1,January,18,Sunday,Weekend,0,Night
2026011801,410,2026-01-18 01:00:00,2026-01-18,2026,1,1,January,18,Sunday,Weekend,1,Night
2026011802,411,2026-01-18 02:00:00,2026-01-18,2026,1,1,January,18,Sunday,Weekend,2,Night
2026011803,412,2026-01-18 03:00:00,2026-01-18,2026,1,1,January,18,Sunday,Weekend,3,Night
2026011804,413,2026-01-18 04:00:00,2026-01-18,2026,1,1,January,18,Sunday,Weekend,4,Night
2026011805,414,2026-01-18 05:00:00,2026-01-18,2026,1,1,January,18,Sunday,Weekend,5,Night
2026011806,415,2026-01-18 06:00:00,2026-01-18,2026,1,1,January,18,Sunday,Weekend,6,Morning
2026011807,416,2026-01-18 07:00:00,2026-01-18,2026,1,1,January,18,Sunday,Weekend,7,Morning
2026011808,417,2026-01-18 08:00:00,2026-01-18,2026,1,1,January,18,Sunday,Weekend,8,Morning
2026011809,418,2026-01-18 09:00:00,2026-01-18,2026,1,1,January,18,Sunday,Weekend,9,Morning
2026011810,419,2026-01-18 10:00:00,2026-01-18,2026,1,1,January,18,Sunday,Weekend,10,Morning
2026011811,420,2026-01-18 11:00:00,2026-01-18,2026,1,1,January,18,Sunday,Weekend,11,Morning
2026011812,421,2026-01-18 12:00:00,2026-01-18,2026,1,1,January,18,Sunday,Weekend,12,Afternoon
2026011813,422,2026-01-18 13:00:00,2026-01-18,2026,1,1,January,18,Sunday,Weekend,13,Afternoon
2026011814,423,2026-01-18 14:00:00,2026-01-18,2026,1,1,January,18,Sunday,Weekend,14,Afternoon
2026011815,424,2026-01-18 15:00:00,2026-01-18,2026,1,1,January,18,Sunday,Weekend,15,Afternoon
2026011816,425,2026-01-18 16:00:00,2026-01-18,2026,1,1,January,18,Sunday,Weekend,16,Afternoon
2026011817,426,2026-01-18 17:00:00,2026-01-18,2026,1,1,January,18,Sunday,Weekend,17,Afternoon
2026011818,427,2026-01-18 18:00:00,2026-01-18,2026,1,1,January,18,Sunday,Weekend,18,Evening
2026011819,428,2026-01-18 19:00:00,2026-01-18,2026,1,1,January,18,Sunday,Weekend,19,Evening
2026011820,429,2026-01-18 20:00:00,2026-01-18,2026,1,1,January,18,Sunday,Weekend,20,Evening
2026011821,430,2026-01-18 21:00:00,2026-01-18,2026,1,1,January,18,Sunday,Weekend,21,Evening
2026011822,431,2026-01-18 22:00:00,2026-01-18,2026,1,1,January,18,Sunday,Weekend,22,Evening
2026011823,432,2026-01-18 23:00:00,2026-01-18,2026,1,1,January,18,Sunday,Weekend,23,Evening
2026011900,433,2026-01-19 00:00:00,2026-01-19,2026,1,1,January,19,Monday,Weekday,0,Night
2026011901,434,2026-01-19 01:00:00,2026-01-19,2026,1,1,January,19,Monday,Weekday,1,Night
2026011902,435,2026-01-19 02:00:00,2026-01-19,2026,1,1,January,19,Monday,Weekday,2,Night
2026011903,436,2026-01-19 03:00:00,2026-01-19,2026,1,1,January,19,Monday,Weekday,3,Night
2026011904,437,2026-01-19 04:00:00,2026-01-19,2026,1,1,January,19,Monday,Weekday,4,Night
2026011905,438,2026-01-19 05:00:00,2026-01-19,2026,1,1,January,19,Monday,Weekday,5,Night
2026011906,439,2026-01-19 06:00:00,2026-01-19,2026,1,1,January,19,Monday,Weekday,6,Morning
2026011907,440,2026-01-19 07:00:00,2026-01-19,2026,1,1,January,19,Monday,Weekday,7,Morning
2026011908,441,2026-01-19 08:00:00,2026-01-19,2026,1,1,January,19,Monday,Weekday,8,Morning
2026011909,442,2026-01-19 09:00:00,2026-01-19,2026,1,1,January,19,Monday,Weekday,9,Morning
2026011910,443,2026-01-19 10:00:00,2026-01-19,2026,1,1,January,19,Monday,Weekday,10,Morning
2026011911,444,2026-01-19 11:00:00,2026-01-19,2026,1,1,January,19,Monday,Weekday,11,Morning
2026011912,445,2026-01-19 12:00:00,2026-01-19,2026,1,1,January,19,Monday,Weekday,12,Afternoon
2026011913,446,2026-01-19 13:00:00,2026-01-19,2026,1,1,January,19,Monday,Weekday,13,Afternoon
2026011914,447,2026-01-19 14:00:00,2026-01-19,2026,1,1,January,19,Monday,Weekday,14,Afternoon
2026011915,448,2026-01-19 15:00:00,2026-01-19,2026,1,1,January,19,Monday,Weekday,15,Afternoon
2026011916,449,2026-01-19 16:00:00,2026-01-19,2026,1,1,January,19,Monday,Weekday,16,Afternoon
2026011917,450,2026-01-19 17:00:00,2026-01-19,2026,1,1,January,19,Monday,Weekday,17,Afternoon
2026011918,451,2026-01-19 18:00:00,2026-01-19,2026,1,1,January,19,Monday,Weekday,18,Evening
2026011919,452,2026-01-19 19:00:00,2026-01-19,2026,1,1,January,19,Monday,Weekday,19,Evening
2026011920,453,2026-01-19 20:00:00,2026-01-19,2026,1,1,January,19,Monday,Weekday,20,Evening
2026011921,454,2026-01-19 21:00:00,2026-01-19,2026,1,1,January,19,Monday,Weekday,21,Evening
2026011922,455,2026-01-19 22:00:00,2026-01-19,2026,1,1,January,19,Monday,Weekday,22,Evening
2026011923,456,2026-01-19 23:00:00,2026-01-19,2026,1,1,January,19,Monday,Weekday,23,Evening
2026012000,457,2026-01-20 00:00:00,2026-01-20,2026,1,1,January,20,Tuesday,Weekday,0,Night
2026012001,458,2026-01-20 01:00:00,2026-01-20,2026,1,1,January,20,Tuesday,Weekday,1,Night
2026012002,459,2026-01-20 02:00:00,2026-01-20,2026,1,1,January,20,Tuesday,Weekday,2,Night
2026012003,460,2026-01-20 03:00:00,2026-01-20,2026,1,1,January,20,Tuesday,Weekday,3,Night
2026012004,461,2026-01-20 04:00:00,2026-01-20,2026,1,1,January,20,Tuesday,Weekday,4,Night
2026012005,462,2026-01-20 05:00:00,2026-01-20,2026,1,1,January,20,Tuesday,Weekday,5,Night
2026012006,463,2026-01-20 06:00:00,2026-01-20,2026,1,1,January,20,Tuesday,Weekday,6,Morning
2026012007,464,2026-01-20 07:00:00,2026-01-20,2026,1,1,January,20,Tuesday,Weekday,7,Morning
2026012008,465,2026-01-20 08:00:00,2026-01-20,2026,1,1,January,20,Tuesday,Weekday,8,Morning
2026012009,466,2026-01-20 09:00:00,2026-01-20,2026,1,1,January,20,Tuesday,Weekday,9,Morning
2026012010,467,2026-01-20 10:00:00,2026-01-20,2026,1,1,January,20,Tuesday,Weekday,10,Morning
2026012011,468,2026-01-20 11:00:00,2026-01-20,2026,1,1,January,20,Tuesday,Weekday,11,Morning
2026012012,469,2026-01-20 12:00:00,2026-01-20,2026,1,1,January,20,Tuesday,Weekday,12,Afternoon
2026012013,470,2026-01-20 13:00:00,2026-01-20,2026,1,1,January,20,Tuesday,Weekday,13,Afternoon
2026012014,471,2026-01-20 14:00:00,2026-01-20,2026,1,1,January,20,Tuesday,Weekday,14,Afternoon
2026012015,472,2026-01-20 15:00:00,2026-01-20,2026,1,1,January,20,Tuesday,Weekday,15,Afternoon
2026012016,473,2026-01-20 16:00:00,2026-01-20,2026,1,1,January,20,Tuesday,Weekday,16,Afternoon
2026012017,474,2026-01-20 17:00:00,2026-01-20,2026,1,1,January,20,Tuesday,Weekday,17,Afternoon
2026012018,475,2026-01-20 18:00:00,2026-01-20,2026,1,1,January,20,Tuesday,Weekday,18,Evening
2026012019,476,2026-01-20 19:00:00,2026-01-20,2026,1,1,January,20,Tuesday,Weekday,19,Evening
2026012020,477,2026-01-20 20:00:00,2026-01-20,2026,1,1,January,20,Tuesday,Weekday,20,Evening
2026012021,478,2026-01-20 21:00:00,2026-01-20,2026,1,1,January,20,Tuesday,Weekday,21,Evening
2026012022,479,2026-01-20 22:00:00,2026-01-20,2026,1,1,January,20,Tuesday,Weekday,22,Evening
2026012023,480,2026-01-20 23:00:00,2026-01-20,2026,1,1,January,20,Tuesday,Weekday,23,Evening
2026012100,481,2026-01-21 00:00:00,2026-01-21,2026,1,1,January,21,Wednesday,Weekday,0,Night
2026012101,482,2026-01-21 01:00:00,2026-01-21,2026,1,1,January,21,Wednesday,Weekday,1,Night
2026012102,483,2026-01-21 02:00:00,2026-01-21,2026,1,1,January,21,Wednesday,Weekday,2,Night
2026012103,484,2026-01-21 03:00:00,2026-01-21,2026,1,1,January,21,Wednesday,Weekday,3,Night
2026012104,485,2026-01-21 04:00:00,2026-01-21,2026,1,1,January,21,Wednesday,Weekday,4,Night
2026012105,486,2026-01-21 05:00:00,2026-01-21,2026,1,1,January,21,Wednesday,Weekday,5,Night
2026012106,487,2026-01-21 06:00:00,2026-01-21,2026,1,1,January,21,Wednesday,Weekday,6,Morning
2026012107,488,2026-01-21 07:00:00,2026-01-21,2026,1,1,January,21,Wednesday,Weekday,7,Morning
2026012108,489,2026-01-21 08:00:00,2026-01-21,2026,1,1,January,21,Wednesday,Weekday,8,Morning
2026012109,490,2026-01-21 09:00:00,2026-01-21,2026,1,1,January,21,Wednesday,Weekday,9,Morning
2026012110,491,2026-01-21 10:00:00,2026-01-21,2026,1,1,January,21,Wednesday,Weekday,10,Morning
2026012111,492,2026-01-21 11:00:00,2026-01-21,2026,1,1,January,21,Wednesday,Weekday,11,Morning
2026012112,493,2026-01-21 12:00:00,2026-01-21,2026,1,1,January,21,Wednesday,Weekday,12,Afternoon
2026012113,494,2026-01-21 13:00:00,2026-01-21,2026,1,1,January,21,Wednesday,Weekday,13,Afternoon
2026012114,495,2026-01-21 14:00:00,2026-01-21,2026,1,1,January,21,Wednesday,Weekday,14,Afternoon
2026012115,496,2026-01-21 15:00:00,2026-01-21,2026,1,1,January,21,Wednesday,Weekday,15,Afternoon
2026012116,497,2026-01-21 16:00:00,2026-01-21,2026,1,1,January,21,Wednesday,Weekday,16,Afternoon
2026012117,498,2026-01-21 17:00:00,2026-01-21,2026,1,1,January,21,Wednesday,Weekday,17,Afternoon
2026012118,499,2026-01-21 18:00:00,2026-01-21,2026,1,1,January,21,Wednesday,Weekday,18,Evening
2026012119,500,2026-01-21 19:00:00,2026-01-21,2026,1,1,January,21,Wednesday,Weekday,19,Evening
2026012120,501,2026-01-21 20:00:00,2026-01-21,2026,1,1,January,21,Wednesday,Weekday,20,Evening
2026012121,502,2026-01-21 21:00:00,2026-01-21,2026,1,1,January,21,Wednesday,Weekday,21,Evening
2026012122,503,2026-01-21 22:00:00,2026-01-21,2026,1,1,January,21,Wednesday,Weekday,22,Evening
2026012123,504,2026-01-21 23:00:00,2026-01-21,2026,1,1,January,21,Wednesday,Weekday,23,Evening
2026012200,505,2026-01-22 00:00:00,2026-01-22,2026,1,1,January,22,Thursday,Weekday,0,Night
2026012201,506,2026-01-22 01:00:00,2026-01-22,2026,1,1,January,22,Thursday,Weekday,1,Night
2026012202,507,2026-01-22 02:00:00,2026-01-22,2026,1,1,January,22,Thursday,Weekday,2,Night
2026012203,508,2026-01-22 03:00:00,2026-01-22,2026,1,1,January,22,Thursday,Weekday,3,Night
2026012204,509,2026-01-22 04:00:00,2026-01-22,2026,1,1,January,22,Thursday,Weekday,4,Night
2026012205,510,2026-01-22 05:00:00,2026-01-22,2026,1,1,January,22,Thursday,Weekday,5,Night
2026012206,511,2026-01-22 06:00:00,2026-01-22,2026,1,1,January,22,Thursday,Weekday,6,Morning
2026012207,512,2026-01-22 07:00:00,2026-01-22,2026,1,1,January,22,Thursday,Weekday,7,Morning
2026012208,513,2026-01-22 08:00:00,2026-01-22,2026,1,1,January,22,Thursday,Weekday,8,Morning
2026012209,514,2026-01-22 09:00:00,2026-01-22,2026,1,1,January,22,Thursday,Weekday,9,Morning
2026012210,515,2026-01-22 10:00:00,2026-01-22,2026,1,1,January,22,Thursday,Weekday,10,Morning
2026012211,516,2026-01-22 11:00:00,2026-01-22,2026,1,1,January,22,Thursday,Weekday,11,Morning
2026012212,517,2026-01-22 12:00:00,2026-01-22,2026,1,1,January,22,Thursday,Weekday,12,Afternoon
2026012213,518,2026-01-22 13:00:00,2026-01-22,2026,1,1,January,22,Thursday,Weekday,13,Afternoon
2026012214,519,2026-01-22 14:00:00,2026-01-22,2026,1,1,January,22,Thursday,Weekday,14,Afternoon
2026012215,520,2026-01-22 15:00:00,2026-01-22,2026,1,1,January,22,Thursday,Weekday,15,Afternoon
2026012216,521,2026-01-22 16:00:00,2026-01-22,2026,1,1,January,22,Thursday,Weekday,16,Afternoon
2026012217,522,2026-01-22 17:00:00,2026-01-22,2026,1,1,January,22,Thursday,Weekday,17,Afternoon
2026012218,523,2026-01-22 18:00:00,2026-01-22,2026,1,1,January,22,Thursday,Weekday,18,Evening
2026012219,524,2026-01-22 19:00:00,2026-01-22,2026,1,1,January,22,Thursday,Weekday,19,Evening
2026012220,525,2026-01-22 20:00:00,2026-01-22,2026,1,1,January,22,Thursday,Weekday,20,Evening
2026012221,526,2026-01-22 21:00:00,2026-01-22,2026,1,1,January,22,Thursday,Weekday,21,Evening
2026012222,527,2026-01-22 22:00:00,2026-01-22,2026,1,1,January,22,Thursday,Weekday,22,Evening
2026012223,528,2026-01-22 23:00:00,2026-01-22,2026,1,1,January,22,Thursday,Weekday,23,Evening
2026012300,529,2026-01-23 00:00:00,2026-01-23,2026,1,1,January,23,Friday,Weekday,0,Night
2026012301,530,2026-01-23 01:00:00,2026-01-23,2026,1,1,January,23,Friday,Weekday,1,Night
2026012302,531,2026-01-23 02:00:00,2026-01-23,2026,1,1,January,23,Friday,Weekday,2,Night
2026012303,532,2026-01-23 03:00:00,2026-01-23,2026,1,1,January,23,Friday,Weekday,3,Night
2026012304,533,2026-01-23 04:00:00,2026-01-23,2026,1,1,January,23,Friday,Weekday,4,Night
2026012305,534,2026-01-23 05:00:00,2026-01-23,2026,1,1,January,23,Friday,Weekday,5,Night
2026012306,535,2026-01-23 06:00:00,2026-01-23,2026,1,1,January,23,Friday,Weekday,6,Morning
2026012307,536,2026-01-23 07:00:00,2026-01-23,2026,1,1,January,23,Friday,Weekday,7,Morning
2026012308,537,2026-01-23 08:00:00,2026-01-23,2026,1,1,January,23,Friday,Weekday,8,Morning
2026012309,538,2026-01-23 09:00:00,2026-01-23,2026,1,1,January,23,Friday,Weekday,9,Morning
2026012310,539,2026-01-23 10:00:00,2026-01-23,2026,1,1,January,23,Friday,Weekday,10,Morning
2026012311,540,2026-01-23 11:00:00,2026-01-23,2026,1,1,January,23,Friday,Weekday,11,Morning
2026012312,541,2026-01-23 12:00:00,2026-01-23,2026,1,1,January,23,Friday,Weekday,12,Afternoon
2026012313,542,2026-01-23 13:00:00,2026-01-23,2026,1,1,January,23,Friday,Weekday,13,Afternoon
2026012314,543,2026-01-23 14:00:00,2026-01-23,2026,1,1,January,23,Friday,Weekday,14,Afternoon
2026012315,544,2026-01-23 15:00:00,2026-01-23,2026,1,1,January,23,Friday,Weekday,15,Afternoon
2026012316,545,2026-01-23 16:00:00,2026-01-23,2026,1,1,January,23,Friday,Weekday,16,Afternoon
2026012317,546,2026-01-23 17:00:00,2026-01-23,2026,1,1,January,23,Friday,Weekday,17,Afternoon
2026012318,547,2026-01-23 18:00:00,2026-01-23,2026,1,1,January,23,Friday,Weekday,18,Evening
2026012319,548,2026-01-23 19:00:00,2026-01-23,2026,1,1,January,23,Friday,Weekday,19,Evening
2026012320,549,2026-01-23 20:00:00,2026-01-23,2026,1,1,January,23,Friday,Weekday,20,Evening
2026012321,550,2026-01-23 21:00:00,2026-01-23,2026,1,1,January,23,Friday,Weekday,21,Evening
2026012322,551,2026-01-23 22:00:00,2026-01-23,2026,1,1,January,23,Friday,Weekday,22,Evening
2026012323,552,2026-01-23 23:00:00,2026-01-23,2026,1,1,January,23,Friday,Weekday,23,Evening
2026012400,553,2026-01-24 00:00:00,2026-01-24,2026,1,1,January,24,Saturday,Weekend,0,Night
2026012401,554,2026-01-24 01:00:00,2026-01-24,2026,1,1,January,24,Saturday,Weekend,1,Night
2026012402,555,2026-01-24 02:00:00,2026-01-24,2026,1,1,January,24,Saturday,Weekend,2,Night
2026012403,556,2026-01-24 03:00:00,2026-01-24,2026,1,1,January,24,Saturday,Weekend,3,Night
2026012404,557,2026-01-24 04:00:00,2026-01-24,2026,1,1,January,24,Saturday,Weekend,4,Night
2026012405,558,2026-01-24 05:00:00,2026-01-24,2026,1,1,January,24,Saturday,Weekend,5,Night
2026012406,559,2026-01-24 06:00:00,2026-01-24,2026,1,1,January,24,Saturday,Weekend,6,Morning
2026012407,560,2026-01-24 07:00:00,2026-01-24,2026,1,1,January,24,Saturday,Weekend,7,Morning
2026012408,561,2026-01-24 08:00:00,2026-01-24,2026,1,1,January,24,Saturday,Weekend,8,Morning
2026012409,562,2026-01-24 09:00:00,2026-01-24,2026,1,1,January,24,Saturday,Weekend,9,Morning
2026012410,563,2026-01-24 10:00:00,2026-01-24,2026,1,1,January,24,Saturday,Weekend,10,Morning
2026012411,564,2026-01-24 11:00:00,2026-01-24,2026,1,1,January,24,Saturday,Weekend,11,Morning
2026012412,565,2026-01-24 12:00:00,2026-01-24,2026,1,1,January,24,Saturday,Weekend,12,Afternoon
2026012413,566,2026-01-24 13:00:00,2026-01-24,2026,1,1,January,24,Saturday,Weekend,13,Afternoon
2026012414,567,2026-01-24 14:00:00,2026-01-24,2026,1,1,January,24,Saturday,Weekend,14,Afternoon
2026012415,568,2026-01-24 15:00:00,2026-01-24,2026,1,1,January,24,Saturday,Weekend,15,Afternoon
2026012416,569,2026-01-24 16:00:00,2026-01-24,2026,1,1,January,24,Saturday,Weekend,16,Afternoon
2026012417,570,2026-01-24 17:00:00,2026-01-24,2026,1,1,January,24,Saturday,Weekend,17,Afternoon
2026012418,571,2026-01-24 18:00:00,2026-01-24,2026,1,1,January,24,Saturday,Weekend,18,Evening
2026012419,572,2026-01-24 19:00:00,2026-01-24,2026,1,1,January,24,Saturday,Weekend,19,Evening
2026012420,573,2026-01-24 20:00:00,2026-01-24,2026,1,1,January,24,Saturday,Weekend,20,Evening
2026012421,574,2026-01-24 21:00:00,2026-01-24,2026,1,1,January,24,Saturday,Weekend,21,Evening
2026012422,575,2026-01-24 22:00:00,2026-01-24,2026,1,1,January,24,Saturday,Weekend,22,Evening
2026012423,576,2026-01-24 23:00:00,2026-01-24,2026,1,1,January,24,Saturday,Weekend,23,Evening
2026012500,577,2026-01-25 00:00:00,2026-01-25,2026,1,1,January,25,Sunday,Weekend,0,Night
2026012501,578,2026-01-25 01:00:00,2026-01-25,2026,1,1,January,25,Sunday,Weekend,1,Night
2026012502,579,2026-01-25 02:00:00,2026-01-25,2026,1,1,January,25,Sunday,Weekend,2,Night
2026012503,580,2026-01-25 03:00:00,2026-01-25,2026,1,1,January,25,Sunday,Weekend,3,Night
2026012504,581,2026-01-25 04:00:00,2026-01-25,2026,1,1,January,25,Sunday,Weekend,4,Night
2026012505,582,2026-01-25 05:00:00,2026-01-25,2026,1,1,January,25,Sunday,Weekend,5,Night
2026012506,583,2026-01-25 06:00:00,2026-01-25,2026,1,1,January,25,Sunday,Weekend,6,Morning
2026012507,584,2026-01-25 07:00:00,2026-01-25,2026,1,1,January,25,Sunday,Weekend,7,Morning
2026012508,585,2026-01-25 08:00:00,2026-01-25,2026,1,1,January,25,Sunday,Weekend,8,Morning
2026012509,586,2026-01-25 09:00:00,2026-01-25,2026,1,1,January,25,Sunday,Weekend,9,Morning
2026012510,587,2026-01-25 10:00:00,2026-01-25,2026,1,1,January,25,Sunday,Weekend,10,Morning
2026012511,588,2026-01-25 11:00:00,2026-01-25,2026,1,1,January,25,Sunday,Weekend,11,Morning
2026012512,589,2026-01-25 12:00:00,2026-01-25,2026,1,1,January,25,Sunday,Weekend,12,Afternoon
2026012513,590,2026-01-25 13:00:00,2026-01-25,2026,1,1,January,25,Sunday,Weekend,13,Afternoon
2026012514,591,2026-01-25 14:00:00,2026-01-25,2026,1,1,January,25,Sunday,Weekend,14,Afternoon
2026012515,592,2026-01-25 15:00:00,2026-01-25,2026,1,1,January,25,Sunday,Weekend,15,Afternoon
2026012516,593,2026-01-25 16:00:00,2026-01-25,2026,1,1,January,25,Sunday,Weekend,16,Afternoon
2026012517,594,2026-01-25 17:00:00,2026-01-25,2026,1,1,January,25,Sunday,Weekend,17,Afternoon
2026012518,595,2026-01-25 18:00:00,2026-01-25,2026,1,1,January,25,Sunday,Weekend,18,Evening
2026012519,596,2026-01-25 19:00:00,2026-01-25,2026,1,1,January,25,Sunday,Weekend,19,Evening
2026012520,597,2026-01-25 20:00:00,2026-01-25,2026,1,1,January,25,Sunday,Weekend,20,Evening
2026012521,598,2026-01-25 21:00:00,2026-01-25,2026,1,1,January,25,Sunday,Weekend,21,Evening
2026012522,599,2026-01-25 22:00:00,2026-01-25,2026,1,1,January,25,Sunday,Weekend,22,Evening
2026012523,600,2026-01-25 23:00:00,2026-01-25,2026,1,1,January,25,Sunday,Weekend,23,Evening
2026012600,601,2026-01-26 00:00:00,2026-01-26,2026,1,1,January,26,Monday,Weekday,0,Night
2026012601,602,2026-01-26 01:00:00,2026-01-26,2026,1,1,January,26,Monday,Weekday,1,Night
2026012602,603,2026-01-26 02:00:00,2026-01-26,2026,1,1,January,26,Monday,Weekday,2,Night
2026012603,604,2026-01-26 03:00:00,2026-01-26,2026,1,1,January,26,Monday,Weekday,3,Night
2026012604,605,2026-01-26 04:00:00,2026-01-26,2026,1,1,January,26,Monday,Weekday,4,Night
2026012605,606,2026-01-26 05:00:00,2026-01-26,2026,1,1,January,26,Monday,Weekday,5,Night
2026012606,607,2026-01-26 06:00:00,2026-01-26,2026,1,1,January,26,Monday,Weekday,6,Morning
2026012607,608,2026-01-26 07:00:00,2026-01-26,2026,1,1,January,26,Monday,Weekday,7,Morning
2026012608,609,2026-01-26 08:00:00,2026-01-26,2026,1,1,January,26,Monday,Weekday,8,Morning
2026012609,610,2026-01-26 09:00:00,2026-01-26,2026,1,1,January,26,Monday,Weekday,9,Morning
2026012610,611,2026-01-26 10:00:00,2026-01-26,2026,1,1,January,26,Monday,Weekday,10,Morning
2026012611,612,2026-01-26 11:00:00,2026-01-26,2026,1,1,January,26,Monday,Weekday,11,Morning
2026012612,613,2026-01-26 12:00:00,2026-01-26,2026,1,1,January,26,Monday,Weekday,12,Afternoon
2026012613,614,2026-01-26 13:00:00,2026-01-26,2026,1,1,January,26,Monday,Weekday,13,Afternoon
2026012614,615,2026-01-26 14:00:00,2026-01-26,2026,1,1,January,26,Monday,Weekday,14,Afternoon
2026012615,616,2026-01-26 15:00:00,2026-01-26,2026,1,1,January,26,Monday,Weekday,15,Afternoon
2026012616,617,2026-01-26 16:00:00,2026-01-26,2026,1,1,January,26,Monday,Weekday,16,Afternoon
2026012617,618,2026-01-26 17:00:00,2026-01-26,2026,1,1,January,26,Monday,Weekday,17,Afternoon
2026012618,619,2026-01-26 18:00:00,2026-01-26,2026,1,1,January,26,Monday,Weekday,18,Evening
2026012619,620,2026-01-26 19:00:00,2026-01-26,2026,1,1,January,26,Monday,Weekday,19,Evening
2026012620,621,2026-01-26 20:00:00,2026-01-26,2026,1,1,January,26,Monday,Weekday,20,Evening
2026012621,622,2026-01-26 21:00:00,2026-01-26,2026,1,1,January,26,Monday,Weekday,21,Evening
2026012622,623,2026-01-26 22:00:00,2026-01-26,2026,1,1,January,26,Monday,Weekday,22,Evening
2026012623,624,2026-01-26 23:00:00,2026-01-26,2026,1,1,January,26,Monday,Weekday,23,Evening
2026012700,625,2026-01-27 00:00:00,2026-01-27,2026,1,1,January,27,Tuesday,Weekday,0,Night
2026012701,626,2026-01-27 01:00:00,2026-01-27,2026,1,1,January,27,Tuesday,Weekday,1,Night
2026012702,627,2026-01-27 02:00:00,2026-01-27,2026,1,1,January,27,Tuesday,Weekday,2,Night
2026012703,628,2026-01-27 03:00:00,2026-01-27,2026,1,1,January,27,Tuesday,Weekday,3,Night
2026012704,629,2026-01-27 04:00:00,2026-01-27,2026,1,1,January,27,Tuesday,Weekday,4,Night
2026012705,630,2026-01-27 05:00:00,2026-01-27,2026,1,1,January,27,Tuesday,Weekday,5,Night
2026012706,631,2026-01-27 06:00:00,2026-01-27,2026,1,1,January,27,Tuesday,Weekday,6,Morning
2026012707,632,2026-01-27 07:00:00,2026-01-27,2026,1,1,January,27,Tuesday,Weekday,7,Morning
2026012708,633,2026-01-27 08:00:00,2026-01-27,2026,1,1,January,27,Tuesday,Weekday,8,Morning
2026012709,634,2026-01-27 09:00:00,2026-01-27,2026,1,1,January,27,Tuesday,Weekday,9,Morning
2026012710,635,2026-01-27 10:00:00,2026-01-27,2026,1,1,January,27,Tuesday,Weekday,10,Morning
2026012711,636,2026-01-27 11:00:00,2026-01-27,2026,1,1,January,27,Tuesday,Weekday,11,Morning
2026012712,637,2026-01-27 12:00:00,2026-01-27,2026,1,1,January,27,Tuesday,Weekday,12,Afternoon
2026012713,638,2026-01-27 13:00:00,2026-01-27,2026,1,1,January,27,Tuesday,Weekday,13,Afternoon
2026012714,639,2026-01-27 14:00:00,2026-01-27,2026,1,1,January,27,Tuesday,Weekday,14,Afternoon
2026012715,640,2026-01-27 15:00:00,2026-01-27,2026,1,1,January,27,Tuesday,Weekday,15,Afternoon
2026012716,641,2026-01-27 16:00:00,2026-01-27,2026,1,1,January,27,Tuesday,Weekday,16,Afternoon
2026012717,642,2026-01-27 17:00:00,2026-01-27,2026,1,1,January,27,Tuesday,Weekday,17,Afternoon
2026012718,643,2026-01-27 18:00:00,2026-01-27,2026,1,1,January,27,Tuesday,Weekday,18,Evening
2026012719,644,2026-01-27 19:00:00,2026-01-27,2026,1,1,January,27,Tuesday,Weekday,19,Evening
2026012720,645,2026-01-27 20:00:00,2026-01-27,2026,1,1,January,27,Tuesday,Weekday,20,Evening
2026012721,646,2026-01-27 21:00:00,2026-01-27,2026,1,1,January,27,Tuesday,Weekday,21,Evening
2026012722,647,2026-01-27 22:00:00,2026-01-27,2026,1,1,January,27,Tuesday,Weekday,22,Evening
2026012723,648,2026-01-27 23:00:00,2026-01-27,2026,1,1,January,27,Tuesday,Weekday,23,Evening
2026012800,649,2026-01-28 00:00:00,2026-01-28,2026,1,1,January,28,Wednesday,Weekday,0,Night
2026012801,650,2026-01-28 01:00:00,2026-01-28,2026,1,1,January,28,Wednesday,Weekday,1,Night
2026012802,651,2026-01-28 02:00:00,2026-01-28,2026,1,1,January,28,Wednesday,Weekday,2,Night
2026012803,652,2026-01-28 03:00:00,2026-01-28,2026,1,1,January,28,Wednesday,Weekday,3,Night
2026012804,653,2026-01-28 04:00:00,2026-01-28,2026,1,1,January,28,Wednesday,Weekday,4,Night
2026012805,654,2026-01-28 05:00:00,2026-01-28,2026,1,1,January,28,Wednesday,Weekday,5,Night
2026012806,655,2026-01-28 06:00:00,2026-01-28,2026,1,1,January,28,Wednesday,Weekday,6,Morning
2026012807,656,2026-01-28 07:00:00,2026-01-28,2026,1,1,January,28,Wednesday,Weekday,7,Morning
2026012808,657,2026-01-28 08:00:00,2026-01-28,2026,1,1,January,28,Wednesday,Weekday,8,Morning
2026012809,658,2026-01-28 09:00:00,2026-01-28,2026,1,1,January,28,Wednesday,Weekday,9,Morning
2026012810,659,2026-01-28 10:00:00,2026-01-28,2026,1,1,January,28,Wednesday,Weekday,10,Morning
2026012811,660,2026-01-28 11:00:00,2026-01-28,2026,1,1,January,28,Wednesday,Weekday,11,Morning
2026012812,661,2026-01-28 12:00:00,2026-01-28,2026,1,1,January,28,Wednesday,Weekday,12,Afternoon
2026012813,662,2026-01-28 13:00:00,2026-01-28,2026,1,1,January,28,Wednesday,Weekday,13,Afternoon
2026012814,663,2026-01-28 14:00:00,2026-01-28,2026,1,1,January,28,Wednesday,Weekday,14,Afternoon
2026012815,664,2026-01-28 15:00:00,2026-01-28,2026,1,1,January,28,Wednesday,Weekday,15,Afternoon
2026012816,665,2026-01-28 16:00:00,2026-01-28,2026,1,1,January,28,Wednesday,Weekday,16,Afternoon
2026012817,666,2026-01-28 17:00:00,2026-01-28,2026,1,1,January,28,Wednesday,Weekday,17,Afternoon
2026012818,667,2026-01-28 18:00:00,2026-01-28,2026,1,1,January,28,Wednesday,Weekday,18,Evening
2026012819,668,2026-01-28 19:00:00,2026-01-28,2026,1,1,January,28,Wednesday,Weekday,19,Evening
2026012820,669,2026-01-28 20:00:00,2026-01-28,2026,1,1,January,28,Wednesday,Weekday,20,Evening
2026012821,670,2026-01-28 21:00:00,2026-01-28,2026,1,1,January,28,Wednesday,Weekday,21,Evening
2026012822,671,2026-01-28 22:00:00,2026-01-28,2026,1,1,January,28,Wednesday,Weekday,22,Evening
2026012823,672,2026-01-28 23:00:00,2026-01-28,2026,1,1,January,28,Wednesday,Weekday,23,Evening
2026012900,673,2026-01-29 00:00:00,2026-01-29,2026,1,1,January,29,Thursday,Weekday,0,Night
2026012901,674,2026-01-29 01:00:00,2026-01-29,2026,1,1,January,29,Thursday,Weekday,1,Night
2026012902,675,2026-01-29 02:00:00,2026-01-29,2026,1,1,January,29,Thursday,Weekday,2,Night
2026012903,676,2026-01-29 03:00:00,2026-01-29,2026,1,1,January,29,Thursday,Weekday,3,Night
2026012904,677,2026-01-29 04:00:00,2026-01-29,2026,1,1,January,29,Thursday,Weekday,4,Night
2026012905,678,2026-01-29 05:00:00,2026-01-29,2026,1,1,January,29,Thursday,Weekday,5,Night
2026012906,679,2026-01-29 06:00:00,2026-01-29,2026,1,1,January,29,Thursday,Weekday,6,Morning
2026012907,680,2026-01-29 07:00:00,2026-01-29,2026,1,1,January,29,Thursday,Weekday,7,Morning
2026012908,681,2026-01-29 08:00:00,2026-01-29,2026,1,1,January,29,Thursday,Weekday,8,Morning
2026012909,682,2026-01-29 09:00:00,2026-01-29,2026,1,1,January,29,Thursday,Weekday,9,Morning
2026012910,683,2026-01-29 10:00:00,2026-01-29,2026,1,1,January,29,Thursday,Weekday,10,Morning
2026012911,684,2026-01-29 11:00:00,2026-01-29,2026,1,1,January,29,Thursday,Weekday,11,Morning
2026012912,685,2026-01-29 12:00:00,2026-01-29,2026,1,1,January,29,Thursday,Weekday,12,Afternoon
2026012913,686,2026-01-29 13:00:00,2026-01-29,2026,1,1,January,29,Thursday,Weekday,13,Afternoon
2026012914,687,2026-01-29 14:00:00,2026-01-29,2026,1,1,January,29,Thursday,Weekday,14,Afternoon
2026012915,688,2026-01-29 15:00:00,2026-01-29,2026,1,1,January,29,Thursday,Weekday,15,Afternoon
2026012916,689,2026-01-29 16:00:00,2026-01-29,2026,1,1,January,29,Thursday,Weekday,16,Afternoon
2026012917,690,2026-01-29 17:00:00,2026-01-29,2026,1,1,January,29,Thursday,Weekday,17,Afternoon
2026012918,691,2026-01-29 18:00:00,2026-01-29,2026,1,1,January,29,Thursday,Weekday,18,Evening
2026012919,692,2026-01-29 19:00:00,2026-01-29,2026,1,1,January,29,Thursday,Weekday,19,Evening
2026012920,693,2026-01-29 20:00:00,2026-01-29,2026,1,1,January,29,Thursday,Weekday,20,Evening
2026012921,694,2026-01-29 21:00:00,2026-01-29,2026,1,1,January,29,Thursday,Weekday,21,Evening
2026012922,695,2026-01-29 22:00:00,2026-01-29,2026,1,1,January,29,Thursday,Weekday,22,Evening
2026012923,696,2026-01-29 23:00:00,2026-01-29,2026,1,1,January,29,Thursday,Weekday,23,Evening
2026013000,697,2026-01-30 00:00:00,2026-01-30,2026,1,1,January,30,Friday,Weekday,0,Night
2026013001,698,2026-01-30 01:00:00,2026-01-30,2026,1,1,January,30,Friday,Weekday,1,Night
2026013002,699,2026-01-30 02:00:00,2026-01-30,2026,1,1,January,30,Friday,Weekday,2,Night
2026013003,700,2026-01-30 03:00:00,2026-01-30,2026,1,1,January,30,Friday,Weekday,3,Night
2026013004,701,2026-01-30 04:00:00,2026-01-30,2026,1,1,January,30,Friday,Weekday,4,Night
2026013005,702,2026-01-30 05:00:00,2026-01-30,2026,1,1,January,30,Friday,Weekday,5,Night
2026013006,703,2026-01-30 06:00:00,2026-01-30,2026,1,1,January,30,Friday,Weekday,6,Morning
2026013007,704,2026-01-30 07:00:00,2026-01-30,2026,1,1,January,30,Friday,Weekday,7,Morning
2026013008,705,2026-01-30 08:00:00,2026-01-30,2026,1,1,January,30,Friday,Weekday,8,Morning
2026013009,706,2026-01-30 09:00:00,2026-01-30,2026,1,1,January,30,Friday,Weekday,9,Morning
2026013010,707,2026-01-30 10:00:00,2026-01-30,2026,1,1,January,30,Friday,Weekday,10,Morning
2026013011,708,2026-01-30 11:00:00,2026-01-30,2026,1,1,January,30,Friday,Weekday,11,Morning
2026013012,709,2026-01-30 12:00:00,2026-01-30,2026,1,1,January,30,Friday,Weekday,12,Afternoon
2026013013,710,2026-01-30 13:00:00,2026-01-30,2026,1,1,January,30,Friday,Weekday,13,Afternoon
2026013014,711,2026-01-30 14:00:00,2026-01-30,2026,1,1,January,30,Friday,Weekday,14,Afternoon
2026013015,712,2026-01-30 15:00:00,2026-01-30,2026,1,1,January,30,Friday,Weekday,15,Afternoon
2026013016,713,2026-01-30 16:00:00,2026-01-30,2026,1,1,January,30,Friday,Weekday,16,Afternoon
2026013017,714,2026-01-30 17:00:00,2026-01-30,2026,1,1,January,30,Friday,Weekday,17,Afternoon
2026013018,715,2026-01-30 18:00:00,2026-01-30,2026,1,1,January,30,Friday,Weekday,18,Evening
2026013019,716,2026-01-30 19:00:00,2026-01-30,2026,1,1,January,30,Friday,Weekday,19,Evening
2026013020,717,2026-01-30 20:00:00,2026-01-30,2026,1,1,January,30,Friday,Weekday,20,Evening
2026013021,718,2026-01-30 21:00:00,2026-01-30,2026,1,1,January,30,Friday,Weekday,21,Evening
2026013022,719,2026-01-30 22:00:00,2026-01-30,2026,1,1,January,30,Friday,Weekday,22,Evening
2026013023,720,2026-01-30 23:00:00,2026-01-30,2026,1,1,January,30,Friday,Weekday,23,Evening
2026013100,721,2026-01-31 00:00:00,2026-01-31,2026,1,1,January,31,Saturday,Weekend,0,Night
2026013101,722,2026-01-31 01:00:00,2026-01-31,2026,1,1,January,31,Saturday,Weekend,1,Night
2026013102,723,2026-01-31 02:00:00,2026-01-31,2026,1,1,January,31,Saturday,Weekend,2,Night
2026013103,724,2026-01-31 03:00:00,2026-01-31,2026,1,1,January,31,Saturday,Weekend,3,Night
2026013104,725,2026-01-31 04:00:00,2026-01-31,2026,1,1,January,31,Saturday,Weekend,4,Night
2026013105,726,2026-01-31 05:00:00,2026-01-31,2026,1,1,January,31,Saturday,Weekend,5,Night
2026013106,727,2026-01-31 06:00:00,2026-01-31,2026,1,1,January,31,Saturday,Weekend,6,Morning
2026013107,728,2026-01-31 07:00:00,2026-01-31,2026,1,1,January,31,Saturday,Weekend,7,Morning
2026013108,729,2026-01-31 08:00:00,2026-01-31,2026,1,1,January,31,Saturday,Weekend,8,Morning
2026013109,730,2026-01-31 09:00:00,2026-01-31,2026,1,1,January,31,Saturday,Weekend,9,Morning
2026013110,731,2026-01-31 10:00:00,2026-01-31,2026,1,1,January,31,Saturday,Weekend,10,Morning
2026013111,732,2026-01-31 11:00:00,2026-01-31,2026,1,1,January,31,Saturday,Weekend,11,Morning
2026013112,733,2026-01-31 12:00:00,2026-01-31,2026,1,1,January,31,Saturday,Weekend,12,Afternoon
2026013113,734,2026-01-31 13:00:00,2026-01-31,2026,1,1,January,31,Saturday,Weekend,13,Afternoon
2026013114,735,2026-01-31 14:00:00,2026-01-31,2026,1,1,January,31,Saturday,Weekend,14,Afternoon
2026013115,736,2026-01-31 15:00:00,2026-01-31,2026,1,1,January,31,Saturday,Weekend,15,Afternoon
2026013116,737,2026-01-31 16:00:00,2026-01-31,2026,1,1,January,31,Saturday,Weekend,16,Afternoon
2026013117,738,2026-01-31 17:00:00,2026-01-31,2026,1,1,January,31,Saturday,Weekend,17,Afternoon
2026013118,739,2026-01-31 18:00:00,2026-01-31,2026,1,1,January,31,Saturday,Weekend,18,Evening
2026013119,740,2026-01-31 19:00:00,2026-01-31,2026,1,1,January,31,Saturday,Weekend,19,Evening
2026013120,741,2026-01-31 20:00:00,2026-01-31,2026,1,1,January,31,Saturday,Weekend,20,Evening
2026013121,742,2026-01-31 21:00:00,2026-01-31,2026,1,1,January,31,Saturday,Weekend,21,Evening
2026013122,743,2026-01-31 22:00:00,2026-01-31,2026,1,1,January,31,Saturday,Weekend,22,Evening
